[{"name":"Rockwell","address1":"Shop 009 Level 1 Rockwell Center Poblacion  Makati NCR","address2":"","city":"Makati","state":"NCR","country":"PHILIPPINES","postal_code":"1210","phone":"87260231","email":"","website":"","id":"6639efd54694700008d7ccc6","created_at":"2025-04-28T15:34:59.957605Z","updated_at":"2025-12-14T17:57:43.965449Z"},{"name":"Fairview","address1":"AX3 1138 SM City Fairview Quirino Highway Cor. Regalado Ave. Greater Lagro District 5, Quezon City 1100","address2":"","city":"QC","state":"Metro Manila","country":"PHILIPPINES","postal_code":"1100","phone":"","email":"","website":"","id":"668023c94721460006092609","created_at":"2025-04-28T15:34:59.903489Z","updated_at":"2025-12-14T17:58:01.179916Z"},{"name":"AJI Disposal","address1":"","address2":"garbage yard","city":"","state":"","country":"","postal_code":"1242","phone":"","email":"","website":"","id":"6699c88bd38fa400074ba3da","created_at":"2025-04-28T15:34:59.878600Z","updated_at":"2025-12-14T17:22:41.257363Z"},{"name":"Greenhills","address1":"LG055 LGF GH Mall Greenhills Shopping Center Ortigas Ave 1502 City of San Juan NCR Second District Philippines","address2":"","city":"San Juan","state":"Metro Manila","country":"PHILIPPINES","postal_code":"1502","phone":"","email":"","website":"","id":"668a43f60fa9990007cfa158","created_at":"2025-04-28T15:34:59.910742Z","updated_at":"2025-12-14T17:58:05.805255Z"},{"name":"North Edsa","address1":"CC 202C SM CITY NORTH, NORTH AVENUE","address2":"","city":"Quezon City","state":"Metro Manila","country":"PHILIPPINES","postal_code":"1105","phone":"","email":"","website":"","id":"66cfff31aa7adf0007c9de41","created_at":"2025-04-28T15:34:59.873938Z","updated_at":"2025-12-14T17:58:10.398675Z"},{"name":"Magnolia","address1":"LG007 Robinsons Magnolia Aurora Boulevard Cor. Doña Hemady and N. Domingo Sts. Kaunlaran New Manila District 4 1111 Quezon City NCR second district Philippines","address2":"","city":"Quezon City","state":"Metro Manila","country":"PHILIPPINES","postal_code":"1111","phone":"","email":"","website":"","id":"67612230a740d90007464e26","created_at":"2025-04-28T15:34:59.898934Z","updated_at":"2025-12-14T17:58:16.386552Z"},{"name":"OPUS","address1":"Level 401A OPUS, Bridgetowne Blvd. corner C5 Road, Brgy. Ugong Norte,  Bridgetowne Destination Estate","address2":"","city":"Quezon City","state":"Metro Manila","country":"PHILIPPINES","postal_code":"1607","phone":"","email":"","website":"","id":"68c5bb269da1d500073690c2","created_at":"2025-09-14T15:42:43.540463Z","updated_at":"2025-12-14T17:58:19.910935Z"},{"name":"AJI CMG","address1":"12 j cruz St, Brgy Ugong","address2":"","city":"pasig","state":"777","country":"PHILIPPINES","postal_code":"1331","phone":"","email":"","website":"","id":"667bde0cd749a000079f4650","created_at":"2025-04-28T15:34:59.890576Z","updated_at":"2025-12-14T17:22:41.255584Z"},{"name":"Test stoee","address1":"","address2":"","city":"","state":"","country":"","postal_code":"","phone":"","email":"","website":"","id":"68db56270374e300079eaf4e","created_at":"2025-10-04T19:26:56.608839Z","updated_at":"2025-12-14T17:22:41.279548Z"},{"name":"AJI ONLINE","address1":"","address2":"","city":"","state":"","country":"","postal_code":"","phone":"","email":"","website":"","id":"6680e5a3a8fc2d00071d07a9","created_at":"2025-04-28T15:34:59.913209Z","updated_at":"2025-12-14T17:22:41.561118Z"},{"name":"Digital Store","address1":"","address2":"","city":"","state":"","country":"","postal_code":"","phone":"","email":"","website":"","id":"6639efd64694700008d7cd59","created_at":"2025-04-28T15:34:59.909194Z","updated_at":"2025-12-14T17:22:41.562226Z"},{"name":"Aji Ichiban Food Products","address1":"","address2":"","city":"","state":"","country":"","postal_code":"","phone":"","email":"","website":"","id":"668263b71c04d30007dbd150","created_at":"2025-04-28T15:34:59.896751Z","updated_at":"2025-12-14T17:22:41.571929Z"},{"name":"AJI PINA","address1":"pine 18 Valle Verde 1 Brgy Ugong Pasig City","address2":"","city":"pasig","state":"124d","country":"PHILIPPINES","postal_code":"1604","phone":"63 981 469 0226","email":"","website":"","id":"6639efd64694700008d7cd17","created_at":"2025-04-28T15:34:59.878761Z","updated_at":"2025-12-14T17:22:41.582594Z"},{"name":"AJI BARN","address1":"C Teknik Warehouse #1 143-C P. Gregorio Street, Brgy lingunan","address2":"","city":"Valenzuela","state":"111","country":"PHILIPPINES","postal_code":"12582","phone":"","email":"","website":"","id":"667bde393126e50006c8058c","created_at":"2025-04-28T15:34:59.856810Z","updated_at":"2025-12-14T17:22:41.596868Z"},{"name":"Aji Packing","address1":"","address2":"","city":"","state":"","country":"","postal_code":"","phone":"","email":"","website":"","id":"68a40bd8b79152000619e7d7","created_at":"2025-08-25T16:06:56.494595Z","updated_at":"2025-12-14T17:22:41.597365Z"},{"name":"Hello AJI vending","address1":"","address2":"","city":"","state":"","country":"","postal_code":"","phone":"","email":"","website":"","id":"693646be0abea30007b77334","created_at":"2025-12-14T17:22:41.607004Z","updated_at":"2025-12-14T17:22:41.607004Z"}]